45_9.jpg , 1 
45_13.jpg , 1 
45_17.jpg , 1 
45_29.jpg , 1 
45_25.jpg , 1 
45_33.jpg , 1 
45_37.jpg , 1 
45_21.jpg , 1 
45_44.jpg , 1 
45_5.jpg , 0 
45_41.jpg , 1 
45_43.jpg , 1 
45_7.jpg , 0 
42_18.jpg , 1 
42_9.jpg , 1 
42_8.jpg , 1 
42_20.jpg , 1 
42_10.jpg , 1 
42_6.jpg , 1 
42_7.jpg , 1 
42_11.jpg , 1 
42_13.jpg , 1 
42_5.jpg , 0 
42_12.jpg , 1 
42_16.jpg , 1 
42_17.jpg , 1 
42_15.jpg , 1 
18_17.jpg , 1 
18_15.jpg , 1 
18_10.jpg , 1 
18_11.jpg , 1 
18_13.jpg , 1 
18_8.jpg , 1 
18_9.jpg , 1 
18_7.jpg , 0 
18_19.jpg , 1 
20_12.jpg , 1 
20_13.jpg , 1 
20_11.jpg , 1 
20_10.jpg , 1 
20_14.jpg , 1 
20_15.jpg , 1 
20_8.jpg , 0 
20_17.jpg , 1 
20_16.jpg , 1 
20_6.jpg , 0 
20_18.jpg , 1 
11_26.jpg , 1 
11_27.jpg , 1 
11_18.jpg , 1 
11_20.jpg , 1 
11_13.jpg , 1 
11_12.jpg , 1 
11_8.jpg , 0 
11_10.jpg , 0 
11_9.jpg , 0 
11_11.jpg , 1 
11_15.jpg , 1 
11_14.jpg , 1 
11_16.jpg , 1 
11_17.jpg , 1 
44_25.jpg , 1 
44_31.jpg , 1 
44_20.jpg , 1 
44_34.jpg , 1 
44_37.jpg , 1 
44_23.jpg , 1 
44_9.jpg , 0 
44_40.jpg , 1 
44_28.jpg , 1 
44_14.jpg , 0 
44_17.jpg , 1 
17_6.jpg , 0 
17_18.jpg , 1 
17_30.jpg , 1 
17_24.jpg , 1 
17_31.jpg , 1 
17_26.jpg , 1 
17_22.jpg , 1 
17_20.jpg , 1 
17_10.jpg , 1 
17_12.jpg , 1 
17_16.jpg , 1 
17_14.jpg , 1 
17_28.jpg , 1 
17_8.jpg , 1 
6_8.jpg , 1 
6_7.jpg , 1 
6_6.jpg , 1 
6_5.jpg , 1 
6_14.jpg , 1 
6_12.jpg , 1 
6_10.jpg , 1 
19_8.jpg , 1 
19_9.jpg , 1 
19_21.jpg , 1 
19_20.jpg , 1 
19_22.jpg , 1 
19_18.jpg , 1 
19_19.jpg , 1 
19_14.jpg , 1 
19_15.jpg , 1 
19_17.jpg , 1 
19_16.jpg , 1 
19_12.jpg , 1 
19_13.jpg , 1 
19_11.jpg , 1 
19_10.jpg , 1 
19_2.jpg , 0 
19_3.jpg , 0 
19_1.jpg , 0 
19_4.jpg , 0 
19_5.jpg , 0 
19_7.jpg , 1 
19_6.jpg , 1 
1_15.jpg , 1 
1_29.jpg , 1 
1_17.jpg , 1 
1_13.jpg , 0 
1_11.jpg , 0 
1_9.jpg , 0 
1_35.jpg , 1 
1_21.jpg , 1 
1_5.jpg , 0 
1_7.jpg , 0 
1_37.jpg , 1 
1_23.jpg , 1 
1_27.jpg , 1 
1_33.jpg , 1 
1_25.jpg , 1 
1_31.jpg , 1 
35_32.jpg , 1 
35_18.jpg , 1 
35_21.jpg , 1 
35_22.jpg , 1 
35_45.jpg , 1 
35_43.jpg , 1 
35_9.jpg , 1 
35_8.jpg , 0 
35_10.jpg , 1 
35_38.jpg , 1 
35_14.jpg , 1 
35_29.jpg , 1 
33_5.jpg , 0 
33_6.jpg , 0 
33_7.jpg , 0 
33_18.jpg , 1 
33_10.jpg , 1 
33_11.jpg , 1 
33_13.jpg , 1 
33_12.jpg , 1 
33_16.jpg , 1 
33_17.jpg , 1 
33_15.jpg , 1 
33_14.jpg , 1 
33_9.jpg , 1 
33_8.jpg , 0 
4_24.jpg , 1 
4_18.jpg , 1 
4_19.jpg , 1 
4_25.jpg , 1 
4_26.jpg , 1 
4_22.jpg , 1 
4_23.jpg , 1 
4_21.jpg , 1 
4_20.jpg , 1 
4_9.jpg , 1 
4_8.jpg , 1 
4_5.jpg , 0 
4_6.jpg , 0 
4_7.jpg , 0 
4_11.jpg , 1 
4_10.jpg , 1 
4_12.jpg , 1 
4_13.jpg , 1 
4_17.jpg , 1 
4_16.jpg , 1 
4_14.jpg , 1 
4_15.jpg , 1 
24_8.jpg , 0 
24_9.jpg , 1 
24_15.jpg , 1 
24_17.jpg , 1 
24_13.jpg , 1 
24_11.jpg , 1 
24_18.jpg , 1 
24_4.jpg , 0 
24_5.jpg , 0 
24_7.jpg , 0 
24_6.jpg , 0 
12_14.jpg , 1 
12_29.jpg , 1 
12_15.jpg , 1 
12_17.jpg , 1 
12_12.jpg , 0 
12_13.jpg , 1 
12_11.jpg , 0 
12_10.jpg , 0 
12_21.jpg , 1 
12_20.jpg , 1 
12_9.jpg , 0 
12_23.jpg , 1 
12_8.jpg , 0 
12_33.jpg , 1 
12_27.jpg , 1 
12_26.jpg , 1 
12_32.jpg , 1 
12_18.jpg , 1 
12_24.jpg , 1 
12_30.jpg , 1 
15_6.jpg , 1 
15_7.jpg , 1 
15_5.jpg , 1 
15_21.jpg , 1 
15_17.jpg , 1 
15_10.jpg , 1 
15_8.jpg , 1 
25_22.jpg , 0 
25_36.jpg , 1 
25_23.jpg , 0 
25_35.jpg , 1 
25_20.jpg , 0 
25_19.jpg , 0 
25_25.jpg , 1 
25_31.jpg , 1 
25_27.jpg , 1 
25_33.jpg , 1 
25_9.jpg , 0 
25_40.jpg , 1 
25_42.jpg , 1 
25_46.jpg , 1 
25_44.jpg , 1 
25_17.jpg , 0 
25_15.jpg , 0 
25_29.jpg , 1 
25_11.jpg , 0 
25_38.jpg , 1 
25_13.jpg , 0 
5_9.jpg , 1 
5_8.jpg , 0 
5_12.jpg , 1 
5_10.jpg , 1 
5_15.jpg , 1 
5_14.jpg , 1 
5_16.jpg , 1 
5_17.jpg , 1 
5_19.jpg , 1 
5_18.jpg , 1 
5_20.jpg , 1 
5_6.jpg , 0 
5_7.jpg , 0 
5_5.jpg , 0 
22_10.jpg , 1 
22_8.jpg , 1 
22_9.jpg , 1 
22_4.jpg , 1 
22_5.jpg , 1 
22_7.jpg , 1 
22_6.jpg , 1 
22_2.jpg , 0 
22_3.jpg , 1 
22_1.jpg , 0 
40_20.jpg , 1 
40_34.jpg , 1 
40_22.jpg , 1 
40_36.jpg , 1 
40_32.jpg , 1 
40_26.jpg , 1 
40_30.jpg , 1 
40_24.jpg , 1 
40_18.jpg , 1 
40_14.jpg , 1 
40_16.jpg , 1 
40_12.jpg , 0 
40_10.jpg , 0 
74_6.jpg , 0 
74_52.jpg , 1 
74_44.jpg , 1 
74_50.jpg , 1 
74_54.jpg , 1 
74_40.jpg , 1 
74_56.jpg , 1 
74_42.jpg , 1 
74_30.jpg , 1 
74_24.jpg , 0 
74_18.jpg , 0 
74_32.jpg , 1 
74_26.jpg , 0 
74_22.jpg , 0 
74_36.jpg , 1 
74_20.jpg , 0 
74_34.jpg , 0 
74_38.jpg , 1 
74_10.jpg , 0 
74_12.jpg , 0 
74_16.jpg , 0 
74_28.jpg , 0 
74_14.jpg , 0 
74_58.jpg , 1 
74_48.jpg , 1 
74_8.jpg , 0 
73_66.jpg , 1 
73_72.jpg , 1 
73_64.jpg , 1 
73_70.jpg , 1 
73_58.jpg , 1 
73_74.jpg , 1 
73_48.jpg , 0 
73_76.jpg , 1 
73_62.jpg , 1 
73_10.jpg , 0 
73_38.jpg , 0 
73_12.jpg , 0 
73_14.jpg , 0 
73_28.jpg , 0 
73_18.jpg , 0 
73_24.jpg , 0 
73_30.jpg , 0 
73_8.jpg , 0 
73_26.jpg , 0 
73_32.jpg , 0 
73_36.jpg , 0 
73_22.jpg , 0 
73_34.jpg , 0 
73_20.jpg , 0 
73_52.jpg , 0 
73_46.jpg , 0 
73_78.jpg , 1 
73_50.jpg , 0 
73_44.jpg , 0 
73_82.jpg , 1 
73_83.jpg , 1 
73_68.jpg , 1 
73_40.jpg , 0 
73_54.jpg , 0 
73_42.jpg , 0 
73_56.jpg , 1 
73_80.jpg , 1 
72_3.jpg , 0 
72_7.jpg , 1 
72_5.jpg , 1 
72_13.jpg , 1 
72_9.jpg , 1 
72_11.jpg , 1 
72_15.jpg , 1 
72_17.jpg , 1 
75_13.jpg , 0 
75_11.jpg , 0 
75_39.jpg , 1 
75_15.jpg , 0 
75_29.jpg , 1 
75_17.jpg , 0 
75_71.jpg , 1 
75_65.jpg , 1 
75_59.jpg , 1 
75_5.jpg , 0 
75_7.jpg , 0 
75_73.jpg , 1 
75_67.jpg , 1 
75_63.jpg , 1 
75_61.jpg , 1 
75_49.jpg , 1 
75_74.jpg , 1 
75_45.jpg , 1 
75_51.jpg , 1 
75_47.jpg , 1 
75_53.jpg , 1 
75_57.jpg , 1 
75_43.jpg , 1 
75_69.jpg , 1 
75_55.jpg , 1 
75_41.jpg , 1 
75_9.jpg , 0 
75_33.jpg , 1 
75_27.jpg , 1 
75_19.jpg , 0 
75_31.jpg , 1 
75_25.jpg , 1 
75_21.jpg , 0 
75_35.jpg , 1 
75_23.jpg , 1 
75_37.jpg , 1 
59_15.jpg , 1 
59_14.jpg , 1 
59_16.jpg , 1 
59_17.jpg , 1 
59_13.jpg , 1 
59_12.jpg , 1 
59_9.jpg , 1 
59_10.jpg , 1 
59_11.jpg , 1 
59_8.jpg , 1 
59_5.jpg , 1 
59_4.jpg , 1 
59_6.jpg , 1 
59_7.jpg , 1 
59_3.jpg , 0 
59_2.jpg , 0 
59_18.jpg , 1 
59_1.jpg , 0 
66_24.jpg , 1 
66_30.jpg , 1 
66_18.jpg , 1 
66_27.jpg , 1 
66_32.jpg , 1 
66_8.jpg , 0 
66_22.jpg , 1 
66_9.jpg , 0 
66_20.jpg , 1 
66_7.jpg , 0 
66_10.jpg , 0 
66_12.jpg , 1 
66_16.jpg , 1 
66_14.jpg , 1 
61_9.jpg , 1 
61_11.jpg , 1 
61_10.jpg , 1 
61_12.jpg , 1 
61_13.jpg , 1 
61_17.jpg , 1 
61_16.jpg , 1 
61_14.jpg , 1 
61_15.jpg , 1 
61_19.jpg , 1 
61_20.jpg , 1 
61_5.jpg , 0 
61_7.jpg , 0 
61_6.jpg , 0 
68_20.jpg , 1 
68_22.jpg , 1 
68_26.jpg , 1 
68_24.jpg , 1 
68_18.jpg , 1 
68_8.jpg , 0 
68_28.jpg , 1 
68_14.jpg , 1 
68_16.jpg , 1 
68_12.jpg , 1 
68_10.jpg , 1 
57_10.jpg , 1 
57_11.jpg , 1 
57_13.jpg , 1 
57_12.jpg , 1 
57_5.jpg , 0 
57_17.jpg , 1 
57_6.jpg , 0 
57_15.jpg , 1 
57_28.jpg , 1 
57_14.jpg , 1 
57_7.jpg , 0 
57_19.jpg , 1 
57_30.jpg , 1 
57_24.jpg , 1 
57_18.jpg , 1 
57_9.jpg , 0 
57_32.jpg , 1 
57_26.jpg , 1 
57_8.jpg , 0 
57_23.jpg , 1 
57_22.jpg , 1 
57_20.jpg , 1 
57_21.jpg , 1 
50_6.jpg , 1 
50_4.jpg , 1 
50_10.jpg , 1 
50_8.jpg , 1 
51_12.jpg , 0 
51_10.jpg , 0 
51_38.jpg , 1 
51_16.jpg , 0 
51_59.jpg , 1 
51_49.jpg , 1 
51_45.jpg , 1 
51_53.jpg , 1 
51_41.jpg , 1 
51_26.jpg , 0 
51_18.jpg , 0 
51_30.jpg , 0 
51_20.jpg , 0 
51_34.jpg , 1 
51_23.jpg , 0 
69_15.jpg , 1 
69_28.jpg , 1 
69_38.jpg , 1 
69_11.jpg , 1 
69_13.jpg , 1 
69_7.jpg , 0 
69_40.jpg , 1 
69_36.jpg , 1 
69_22.jpg , 1 
69_34.jpg , 1 
69_20.jpg , 1 
69_9.jpg , 1 
69_24.jpg , 1 
69_30.jpg , 1 
69_18.jpg , 1 
69_26.jpg , 1 
69_32.jpg , 1 
56_33.jpg , 1 
56_19.jpg , 1 
56_31.jpg , 1 
56_25.jpg , 1 
56_21.jpg , 1 
56_7.jpg , 0 
56_5.jpg , 0 
56_23.jpg , 1 
56_37.jpg , 1 
56_41.jpg , 1 
56_9.jpg , 0 
56_13.jpg , 0 
56_11.jpg , 0 
56_39.jpg , 1 
56_15.jpg , 1 
56_29.jpg , 1 
56_17.jpg , 1 
60_32.jpg , 1 
60_33.jpg , 1 
60_18.jpg , 1 
60_30.jpg , 1 
60_6.jpg , 0 
60_12.jpg , 0 
60_10.jpg , 0 
60_14.jpg , 1 
60_28.jpg , 1 
60_16.jpg , 1 
58_37.jpg , 1 
58_23.jpg , 1 
58_35.jpg , 1 
58_21.jpg , 1 
58_9.jpg , 0 
58_19.jpg , 1 
58_25.jpg , 1 
58_31.jpg , 1 
58_27.jpg , 1 
58_33.jpg , 1 
58_41.jpg , 1 
58_17.jpg , 1 
58_7.jpg , 0 
58_15.jpg , 0 
58_29.jpg , 1 
58_11.jpg , 0 
58_39.jpg , 1 
58_13.jpg , 0 
67_13.jpg , 0 
67_12.jpg , 0 
67_10.jpg , 0 
67_11.jpg , 0 
67_14.jpg , 0 
67_8.jpg , 0 
67_17.jpg , 0 
67_26.jpg , 1 
67_27.jpg , 1 
67_19.jpg , 1 
67_25.jpg , 1 
67_31.jpg , 1 
67_6.jpg , 0 
67_24.jpg , 1 
67_18.jpg , 1 
67_20.jpg , 1 
67_23.jpg , 1 
67_22.jpg , 1 
46_22.jpg , 1 
46_23.jpg , 1 
46_21.jpg , 1 
46_20.jpg , 1 
46_18.jpg , 1 
46_24.jpg , 1 
46_25.jpg , 1 
46_19.jpg , 1 
46_8.jpg , 1 
46_9.jpg , 1 
46_2.jpg , 0 
46_3.jpg , 1 
46_1.jpg , 0 
46_4.jpg , 1 
46_5.jpg , 1 
46_7.jpg , 1 
46_6.jpg , 1 
46_17.jpg , 1 
46_16.jpg , 1 
46_14.jpg , 1 
46_15.jpg , 1 
46_11.jpg , 1 
46_10.jpg , 1 
46_12.jpg , 1 
46_13.jpg , 1 
70_23.jpg , 1 
70_22.jpg , 1 
70_20.jpg , 1 
70_25.jpg , 1 
70_18.jpg , 1 
70_7.jpg , 0 
70_27.jpg , 1 
70_16.jpg , 1 
70_9.jpg , 0 
70_14.jpg , 0 
70_11.jpg , 0 
70_12.jpg , 0 
48_18.jpg , 1 
48_24.jpg , 1 
48_25.jpg , 1 
48_19.jpg , 1 
48_21.jpg , 1 
48_20.jpg , 1 
48_22.jpg , 1 
48_23.jpg , 1 
48_7.jpg , 1 
48_8.jpg , 1 
48_9.jpg , 1 
48_12.jpg , 1 
48_13.jpg , 1 
48_11.jpg , 1 
48_10.jpg , 1 
48_15.jpg , 1 
48_17.jpg , 1 
48_16.jpg , 1 
49_7.jpg , 0 
49_5.jpg , 0 
49_11.jpg , 0 
49_13.jpg , 1 
49_17.jpg , 1 
49_15.jpg , 1 
49_19.jpg , 1 
49_23.jpg , 1 
49_21.jpg , 1 
49_9.jpg , 0 
71_28.jpg , 1 
71_14.jpg , 1 
71_16.jpg , 1 
71_12.jpg , 1 
70_51.jpg , 1 
71_11.jpg , 1 
71_38.jpg , 1 
71_9.jpg , 1 
71_34.jpg , 1 
71_20.jpg , 1 
71_8.jpg , 1 
70_48.jpg , 1 
71_22.jpg , 1 
71_26.jpg , 1 
71_24.jpg , 1 
71_18.jpg , 1 
71_31.jpg , 1 
71_42.jpg , 1 
71_44.jpg , 1 
71_51.jpg , 1 
47_8.jpg , 1 
47_9.jpg , 1 
47_15.jpg , 1 
47_14.jpg , 1 
47_16.jpg , 1 
47_17.jpg , 1 
47_13.jpg , 1 
47_12.jpg , 1 
47_10.jpg , 1 
47_11.jpg , 1 
47_1.jpg , 0 
47_2.jpg , 1 
47_3.jpg , 1 
47_7.jpg , 1 
47_6.jpg , 1 
47_4.jpg , 1 
47_5.jpg , 1 
54_37.jpg , 1 
54_35.jpg , 0 
54_7.jpg , 0 
52_20.jpg , 0 
54_41.jpg , 1 
54_54.jpg , 1 
52_22.jpg , 0 
54_52.jpg , 1 
52_33.jpg , 1 
52_31.jpg , 1 
52_25.jpg , 0 
54_44.jpg , 1 
52_18.jpg , 0 
54_48.jpg , 1 
52_28.jpg , 1 
52_16.jpg , 0 
52_12.jpg , 0 
52_10.jpg , 0 
52_8.jpg , 0 
55_14.jpg , 1 
55_28.jpg , 1 
55_16.jpg , 1 
55_6.jpg , 0 
55_12.jpg , 0 
55_10.jpg , 0 
55_20.jpg , 1 
55_8.jpg , 0 
55_34.jpg , 1 
55_37.jpg , 1 
55_22.jpg , 1 
55_36.jpg , 1 
55_32.jpg , 1 
55_26.jpg , 1 
55_18.jpg , 1 
55_30.jpg , 1 
55_24.jpg , 1 
64_18.jpg , 1 
64_9.jpg , 0 
64_8.jpg , 0 
64_19.jpg , 1 
64_14.jpg , 1 
64_5.jpg , 0 
64_4.jpg , 0 
64_15.jpg , 1 
64_17.jpg , 1 
64_6.jpg , 0 
64_7.jpg , 0 
64_16.jpg , 1 
64_12.jpg , 1 
64_3.jpg , 0 
64_13.jpg , 1 
64_11.jpg , 0 
64_10.jpg , 0 
63_9.jpg , 1 
63_8.jpg , 1 
63_14.jpg , 1 
63_15.jpg , 1 
63_17.jpg , 1 
63_16.jpg , 1 
63_12.jpg , 1 
63_13.jpg , 1 
63_11.jpg , 1 
63_10.jpg , 1 
63_21.jpg , 1 
63_20.jpg , 1 
63_18.jpg , 1 
63_19.jpg , 1 
63_3.jpg , 0 
63_6.jpg , 1 
63_7.jpg , 1 
63_5.jpg , 0 
63_4.jpg , 0 
27_3.jpg , 0 
27_2.jpg , 0 
27_1.jpg , 0 
27_5.jpg , 0 
27_4.jpg , 0 
27_6.jpg , 0 
27_7.jpg , 0 
7_8.jpg , 0 
7_16.jpg , 0 
7_14.jpg , 0 
7_28.jpg , 0 
7_12.jpg , 0 
7_22.jpg , 0 
7_20.jpg , 0 
7_34.jpg , 0 
7_18.jpg , 0 
7_30.jpg , 0 
7_24.jpg , 0 
7_32.jpg , 0 
7_26.jpg , 0 
7_7.jpg , 0 
7_6.jpg , 0 
29_21.jpg , 0 
29_18.jpg , 0 
29_24.jpg , 0 
29_30.jpg , 0 
29_27.jpg , 0 
29_5.jpg , 0 
29_4.jpg , 0 
29_6.jpg , 0 
29_7.jpg , 0 
29_9.jpg , 0 
29_8.jpg , 0 
29_16.jpg , 0 
29_14.jpg , 0 
29_11.jpg , 0 
29_10.jpg , 0 
29_12.jpg , 0 
16_12.jpg , 0 
16_10.jpg , 0 
16_14.jpg , 0 
16_7.jpg , 0 
16_6.jpg , 0 
16_8.jpg , 0 
16_9.jpg , 0 
9_4.jpg , 0 
9_5.jpg , 0 
9_7.jpg , 0 
9_6.jpg , 0 
9_13.jpg , 0 
9_12.jpg , 0 
9_10.jpg , 0 
9_38.jpg , 0 
9_11.jpg , 0 
9_29.jpg , 0 
9_15.jpg , 0 
9_14.jpg , 0 
9_28.jpg , 0 
9_16.jpg , 0 
9_17.jpg , 0 
9_26.jpg , 0 
9_32.jpg , 0 
9_33.jpg , 0 
9_27.jpg , 0 
9_31.jpg , 0 
9_25.jpg , 0 
9_19.jpg , 0 
9_24.jpg , 0 
9_30.jpg , 0 
9_34.jpg , 0 
9_20.jpg , 0 
9_21.jpg , 0 
9_35.jpg , 0 
9_23.jpg , 0 
9_37.jpg , 0 
9_36.jpg , 0 
9_22.jpg , 0 
9_8.jpg , 0 
9_9.jpg , 0 
8_7.jpg , 0 
8_6.jpg , 0 
8_4.jpg , 0 
8_5.jpg , 0 
8_1.jpg , 0 
8_2.jpg , 0 
8_3.jpg , 0 
8_8.jpg , 0 
8_9.jpg , 0 
8_11.jpg , 0 
8_10.jpg , 0 
10_11.jpg , 0 
10_10.jpg , 0 
10_12.jpg , 0 
10_13.jpg , 0 
10_7.jpg , 0 
10_6.jpg , 0 
10_16.jpg , 0 
10_14.jpg , 0 
10_4.jpg , 0 
10_5.jpg , 0 
10_15.jpg , 0 
10_8.jpg , 0 
10_9.jpg , 0 
28_6.jpg , 0 
28_7.jpg , 0 
28_5.jpg , 0 
28_4.jpg , 0 
28_1.jpg , 0 
28_3.jpg , 0 
28_2.jpg , 0 
28_15.jpg , 0 
28_14.jpg , 0 
28_16.jpg , 0 
28_13.jpg , 0 
28_12.jpg , 0 
28_10.jpg , 0 
28_11.jpg , 0 
28_9.jpg , 0 
28_8.jpg , 0 
26_9.jpg , 0 
26_8.jpg , 0 
26_10.jpg , 0 
26_1.jpg , 0 
26_3.jpg , 0 
26_2.jpg , 0 
26_6.jpg , 0 
26_7.jpg , 0 
26_5.jpg , 0 
26_4.jpg , 0 
32_12.jpg , 0 
32_13.jpg , 0 
32_11.jpg , 0 
32_10.jpg , 0 
32_14.jpg , 0 
32_15.jpg , 0 
32_17.jpg , 0 
32_16.jpg , 0 
32_6.jpg , 0 
32_7.jpg , 0 
32_5.jpg , 0 
32_4.jpg , 0 
32_3.jpg , 0 
32_9.jpg , 0 
32_8.jpg , 0 
32_18.jpg , 0 
32_19.jpg , 0 
34_10.jpg , 0 
34_11.jpg , 0 
34_7.jpg , 0 
34_5.jpg , 0 
34_4.jpg , 0 
34_9.jpg , 0 
34_8.jpg , 0 
23_41.jpg , 0 
23_44.jpg , 0 
23_50.jpg , 0 
23_46.jpg , 0 
23_35.jpg , 0 
23_21.jpg , 0 
23_23.jpg , 0 
23_32.jpg , 0 
23_8.jpg , 0 
23_27.jpg , 0 
23_25.jpg , 0 
23_19.jpg , 0 
23_29.jpg , 0 
23_7.jpg , 0 
23_6.jpg , 0 
23_14.jpg , 0 
23_16.jpg , 0 
23_17.jpg , 0 
23_13.jpg , 0 
23_12.jpg , 0 
23_10.jpg , 0 
23_38.jpg , 0 
23_11.jpg , 0 
23_48.jpg , 0 
3_11.jpg , 0 
3_10.jpg , 0 
3_12.jpg , 0 
3_13.jpg , 0 
3_9.jpg , 0 
3_17.jpg , 0 
3_16.jpg , 0 
3_8.jpg , 0 
3_14.jpg , 0 
3_28.jpg , 0 
3_29.jpg , 0 
3_15.jpg , 0 
3_6.jpg , 0 
3_18.jpg , 0 
3_30.jpg , 0 
3_24.jpg , 0 
3_25.jpg , 0 
3_31.jpg , 0 
3_19.jpg , 0 
3_7.jpg , 0 
3_5.jpg , 0 
3_27.jpg , 0 
3_33.jpg , 0 
3_32.jpg , 0 
3_26.jpg , 0 
3_4.jpg , 0 
3_22.jpg , 0 
3_23.jpg , 0 
3_1.jpg , 0 
3_3.jpg , 0 
3_35.jpg , 0 
3_21.jpg , 0 
3_20.jpg , 0 
3_34.jpg , 0 
3_2.jpg , 0 
41_14.jpg , 0 
41_15.jpg , 0 
41_11.jpg , 0 
41_8.jpg , 0 
41_9.jpg , 0 
41_10.jpg , 0 
41_12.jpg , 0 
41_13.jpg , 0 
41_7.jpg , 0 
41_6.jpg , 0 
41_4.jpg , 0 
41_5.jpg , 0 
41_1.jpg , 0 
41_2.jpg , 0 
41_3.jpg , 0 
14_16.jpg , 0 
14_17.jpg , 0 
14_15.jpg , 0 
14_14.jpg , 0 
14_10.jpg , 0 
14_11.jpg , 0 
14_13.jpg , 0 
14_6.jpg , 0 
14_9.jpg , 0 
14_20.jpg , 0 
14_19.jpg , 0 
14_18.jpg , 0 
13_21.jpg , 0 
13_31.jpg , 0 
13_19.jpg , 0 
13_7.jpg , 0 
13_24.jpg , 0 
13_9.jpg , 0 
13_8.jpg , 0 
13_17.jpg , 0 
13_15.jpg , 0 
13_10.jpg , 0 
13_11.jpg , 0 
13_13.jpg , 0 
13_12.jpg , 0 
2_26.jpg , 0 
2_32.jpg , 0 
2_33.jpg , 0 
2_27.jpg , 0 
2_31.jpg , 0 
2_25.jpg , 0 
2_19.jpg , 0 
2_18.jpg , 0 
2_24.jpg , 0 
2_30.jpg , 0 
2_20.jpg , 0 
2_21.jpg , 0 
2_9.jpg , 0 
2_23.jpg , 0 
2_22.jpg , 0 
2_8.jpg , 0 
2_5.jpg , 0 
2_13.jpg , 0 
2_12.jpg , 0 
2_4.jpg , 0 
2_6.jpg , 0 
2_10.jpg , 0 
2_11.jpg , 0 
2_7.jpg , 0 
2_3.jpg , 0 
2_29.jpg , 0 
2_15.jpg , 0 
2_14.jpg , 0 
2_28.jpg , 0 
2_2.jpg , 0 
2_16.jpg , 0 
2_17.jpg , 0 
2_1.jpg , 0 
38_10.jpg , 0 
38_11.jpg , 0 
38_12.jpg , 0 
38_8.jpg , 0 
38_9.jpg , 0 
38_4.jpg , 0 
38_5.jpg , 0 
38_7.jpg , 0 
38_6.jpg , 0 
31_7.jpg , 0 
31_6.jpg , 0 
31_4.jpg , 0 
31_5.jpg , 0 
31_1.jpg , 0 
31_2.jpg , 0 
31_3.jpg , 0 
31_34.jpg , 0 
31_20.jpg , 0 
31_21.jpg , 0 
31_35.jpg , 0 
31_23.jpg , 0 
31_22.jpg , 0 
31_26.jpg , 0 
31_32.jpg , 0 
31_33.jpg , 0 
31_27.jpg , 0 
31_31.jpg , 0 
31_25.jpg , 0 
31_19.jpg , 0 
31_18.jpg , 0 
31_24.jpg , 0 
31_30.jpg , 0 
31_29.jpg , 0 
31_15.jpg , 0 
31_14.jpg , 0 
31_28.jpg , 0 
31_16.jpg , 0 
31_17.jpg , 0 
31_13.jpg , 0 
31_12.jpg , 0 
31_10.jpg , 0 
31_11.jpg , 0 
31_8.jpg , 0 
31_9.jpg , 0 
36_15.jpg , 0 
36_3.jpg , 0 
36_14.jpg , 0 
36_16.jpg , 0 
36_17.jpg , 0 
36_13.jpg , 0 
36_4.jpg , 0 
36_5.jpg , 0 
36_12.jpg , 0 
36_10.jpg , 0 
36_7.jpg , 0 
36_6.jpg , 0 
36_11.jpg , 0 
36_20.jpg , 0 
36_21.jpg , 0 
36_8.jpg , 0 
36_9.jpg , 0 
36_22.jpg , 0 
36_19.jpg , 0 
36_18.jpg , 0 
37_36.jpg , 0 
37_20.jpg , 0 
37_24.jpg , 0 
37_32.jpg , 0 
37_40.jpg , 0 
37_56.jpg , 0 
37_52.jpg , 0 
37_44.jpg , 0 
37_48.jpg , 0 
37_60.jpg , 0 
37_62.jpg , 0 
37_8.jpg , 0 
37_16.jpg , 0 
37_28.jpg , 0 
37_12.jpg , 0 
30_17.jpg , 0 
30_16.jpg , 0 
30_14.jpg , 0 
30_15.jpg , 0 
30_11.jpg , 0 
30_10.jpg , 0 
30_12.jpg , 0 
30_13.jpg , 0 
30_4.jpg , 0 
30_5.jpg , 0 
30_7.jpg , 0 
30_6.jpg , 0 
30_3.jpg , 0 
30_8.jpg , 0 
30_9.jpg , 0 
30_20.jpg , 0 
30_18.jpg , 0 
30_19.jpg , 0 
39_8.jpg , 0 
39_9.jpg , 0 
39_7.jpg , 0 
39_6.jpg , 0 
39_11.jpg , 0 
39_4.jpg , 0 
39_5.jpg , 0 
39_10.jpg , 0 
